date,Alappuzha,Ernakulam,Idduki,Kannur,Kasargod,Kollam,Kottayam,Kozhikode,Malapuram,Palakad,Pathanamthitta,Thrissur,Trivandrum,Wayanad,Average,Rounded Average
1/6/2020,2,3,1,0,14,5,0,0,14,2,4,9,3,0,4.071428571,4
2/6/2020,10,3,9,5,9,8,6,6,15,5,1,6,7,6,6.857142857,7
3/6/2020,7,5,3,2,3,5,8,2,11,5,2,4,14,2,5.214285714,5
4/6/2020,8,2,3,6,12,11,5,3,8,7,14,4,5,3,6.5,7
5/6/2020,5,10,1,12,1,2,1,2,18,40,11,8,5,2,8.428571429,8
6/6/2020,4,3,0,2,10,19,2,6,12,11,9,16,3,6,7.357142857,7
7/6/2020,7,3,4,4,3,9,3,4,27,6,13,26,4,4,8.357142857,8
8/6/2020,5,4,1,5,8,5,3,1,14,1,3,27,3,1,5.785714286,6
9/6/2020,11,4,4,4,2,5,8,1,6,14,7,6,10,1,5.928571429,6
10/6/2020,1,2,2,7,0,4,3,1,7,6,3,9,6,1,3.714285714,4
11/6/2020,13,5,2,3,10,8,2,0,10,13,5,25,0,0,6.857142857,7
12/6/2020,9,7,6,14,4,4,3,3,14,5,7,14,1,3,6.714285714,7
13/06/2020,0,7,2,4,9,1,1,0,15,8,1,4,0,0,3.714285714,4
14/06/2020,5,13,1,10,6,4,3,4,3,6,2,7,4,4,5.142857143,5
15/06/2020,7,13,11,7,3,4,10,5,6,7,11,3,1,5,6.642857143,7
16/06/2020,1,5,4,4,2,14,4,5,15,6,6,7,4,5,5.857142857,6
17/06/2020,9,6,6,4,9,13,4,2,11,6,1,8,3,2,6,6
18/06/2020,13,11,3,8,3,17,11,2,4,14,11,6,5,2,7.857142857,8
19/06/2020,4,3,2,4,4,24,7,2,18,10,9,1,8,2,7,7
20/06/2020,10,5,2,10,7,13,11,5,5,23,17,6,5,5,8.857142857,9
21/06/2020,12,14,4,3,6,13,10,5,10,15,8,16,9,5,9.285714286,9
22/06/2020,19,13,5,6,9,4,13,5,17,16,4,12,11,5,9.928571429,10
23/06/2020,15,8,0,17,6,18,8,0,11,27,27,14,4,0,11.07142857,11
24/06/2020,18,10,1,9,4,13,7,3,10,16,25,15,4,3,9.857142857,10
25/06/2020,21,9,8,13,2,16,2,1,6,24,13,10,2,1,9.142857143,9
26/06/2020,13,14,2,11,11,12,18,1,16,23,4,7,7,1,10,10
27/06/2020,10,7,2,26,6,10,15,2,47,25,6,22,4,2,13.14285714,13
28/06/2020,5,5,6,14,4,11,5,6,5,4,3,17,9,6,7.142857143,7
29/06/2020,9,10,6,26,8,12,0,8,14,12,13,26,4,8,11.14285714,11
30/06/2020,8,12,1,27,10,3,3,3,32,17,1,4,5,3,9.214285714,9
1/7/2020,16,9,20,9,5,9,4,14,34,17,6,16,4,14,12.64285714,13
2/7/2020,21,17,20,18,7,23,9,7,24,18,27,9,9,7,15.42857143,15
3/7/2020,20,13,12,35,14,16,14,0,35,14,7,21,17,0,15.57142857,16
4/7/2020,13,12,5,25,28,10,6,11,37,29,22,20,16,11,17.5,18
5/7/2020,15,25,16,11,6,11,8,19,26,29,3,12,27,19,16.21428571,16
6/7/2020,18,21,4,19,13,11,6,14,35,8,26,14,7,14,15,15
7/7/2020,18,16,55,22,4,8,3,12,63,29,12,10,54,12,22.71428571,23
8/7/2020,22,12,26,8,11,10,17,4,46,25,7,25,64,4,20.07142857,20
9/7/2020,50,20,11,23,17,28,7,13,55,50,7,27,95,13,29.71428571,30
10/7/2020,87,47,28,19,18,18,7,28,41,28,32,17,129,28,37.64285714,38
11/7/2020,57,50,49,17,56,5,15,26,51,48,54,29,69,26,39.42857143,39
12/7/2020,119,15,24,44,9,33,12,1,42,59,39,19,40,1,32.64285714,33
13/07/2020,34,70,0,12,44,23,10,26,47,19,47,9,63,26,30.71428571,31
14/07/2020,20,72,43,35,74,11,25,17,58,26,3,42,201,17,46,46
15/07/2020,20,57,63,23,18,42,25,4,18,19,64,5,157,4,37.07142857,37
16/07/2020,57,115,29,9,32,47,13,10,42,25,39,32,339,10,57.07142857,57
17/07/2020,42,44,40,39,29,53,39,15,25,31,87,32,246,15,52.64285714,53
18/07/2020,52,98,48,13,57,75,16,17,19,49,28,21,173,17,48.78571429,49
19/07/2020,53,72,70,48,28,79,20,28,25,81,35,61,222,28,60.71428571,61
20/07/2020,46,80,7,57,40,85,46,17,50,49,3,42,182,17,51.5,52
21/07/2020,120,92,34,43,101,133,39,53,61,46,40,19,151,53,70.35714286,70
22/07/2020,82,100,6,51,47,106,51,43,61,34,49,56,226,43,68.21428571,68
23/07/2020,44,69,59,18,106,133,80,3,89,51,27,83,222,3,70.5,71
24/07/2020,102,79,14,62,105,80,50,124,58,58,23,33,167,124,77.07142857,77
25/07/2020,46,61,42,47,107,74,77,46,68,35,52,36,240,46,69.78571429,70
26/07/2020,30,15,26,38,38,22,54,19,56,42,91,41,175,19,47.57142857,48
27/07/2020,84,70,0,43,38,95,59,31,86,41,17,40,161,31,56.85714286,57
28/07/2020,38,83,39,42,49,84,118,17,112,86,63,109,222,17,77.07142857,77
29/07/2020,55,34,58,39,28,22,29,14,87,49,54,31,213,14,51.92857143,52
30/07/2020,35,132,23,14,52,53,29,46,32,4,59,83,70,46,48.42857143,48
31/07/2020,67,59,41,5,153,35,89,55,75,83,130,60,320,55,87.64285714,88
1/8/2020,38,128,17,16,113,69,47,10,141,47,85,76,259,10,75.42857143,75
2/8/2020,101,106,18,37,66,57,70,25,126,38,25,58,377,25,80.64285714,81
3/8/2020,126,135,4,37,91,30,35,33,85,59,36,85,205,33,71,71
4/8/2020,108,120,42,61,128,30,23,18,131,50,32,72,242,18,76.78571429,77
5/8/2020,99,73,31,33,153,31,51,12,167,41,37,86,274,12,78.57142857,79
6/8/2020,61,82,58,13,168,36,40,27,129,136,33,74,219,27,78.78571429,79
7/8/2020,169,101,31,57,73,41,37,57,143,123,39,33,289,57,89.28571429,89
8/8/2020,110,54,30,41,56,106,15,48,114,39,38,64,485,48,89.14285714,89
9/8/2020,30,101,23,63,146,41,139,49,170,78,30,24,292,49,88.21428571,88
10/8/2020,146,133,5,30,147,25,40,15,255,147,4,40,200,15,85.85714286,86
11/8/2020,118,121,64,31,68,5,24,47,242,141,20,32,297,47,89.78571429,90
12/8/2020,72,115,35,27,79,74,76,17,261,81,19,19,266,17,82.71428571,83
13/08/2020,113,114,34,95,49,75,53,35,202,202,75,75,434,35,113.6428571,114
14/08/2020,118,106,37,52,81,91,101,26,198,180,40,80,310,26,103.2857143,103
15/08/2020,86,123,29,52,48,81,39,25,362,74,49,85,321,25,99.92857143,100
16/08/2020,139,129,19,77,97,48,100,10,221,29,44,30,519,10,105.1428571,105
17/08/2020,126,192,6,123,42,88,89,20,306,137,2,156,461,20,126.2857143,126
18/08/2020,253,230,63,126,174,77,93,37,242,51,65,48,489,37,141.7857143,142
19/08/2020,198,150,27,78,91,86,203,30,322,65,87,97,540,30,143.1428571,143
20/08/2020,155,165,49,78,105,82,124,25,356,65,119,72,429,25,132.0714286,132
21/08/2020,87,114,27,62,119,77,136,19,335,83,78,119,429,19,121.7142857,122
22/08/2020,241,200,35,143,85,133,104,21,395,184,93,179,464,21,164.1428571,164
23/08/2020,60,165,15,76,118,112,106,13,186,39,104,116,397,13,108.5714286,109
24/08/2020,170,163,0,150,99,87,89,25,169,99,6,46,182,25,93.57142857,94
25/08/2020,193,193,12,128,101,133,86,8,454,152,93,227,391,8,155.6428571,156
26/08/2020,172,140,44,102,231,176,137,38,352,86,180,204,461,38,168.6428571,169
27/08/2020,286,207,29,135,157,156,189,18,230,195,167,162,352,18,164.3571429,164
28/08/2020,175,136,31,95,198,234,126,84,298,127,88,189,532,84,171.2142857,171
29/08/2020,92,231,39,112,159,151,139,20,379,133,75,225,408,20,155.9285714,156
30/08/2020,137,210,4,74,103,131,223,40,195,45,133,151,310,40,128.2857143,128
31/08/2020,32,161,85,77,15,25,86,4,177,42,107,85,221,4,80.07142857,80
1/9/2020,159,136,24,142,88,81,62,24,191,42,12,133,227,24,96.07142857,96
2/9/2020,87,164,105,74,133,65,145,77,146,30,17,121,228,77,104.9285714,105
3/9/2020,106,274,28,115,236,248,160,95,91,58,118,93,317,95,145.2857143,145
4/9/2020,131,186,86,222,276,170,178,52,178,42,141,204,477,52,171.0714286,171
5/9/2020,221,281,40,200,218,328,119,54,249,100,148,169,590,54,197.9285714,198
6/9/2020,78,130,58,260,134,71,195,56,324,162,113,169,528,56,166.7142857,167
7/9/2020,217,318,29,158,166,209,154,20,187,118,24,128,253,20,142.9285714,143
8/9/2020,240,276,76,251,270,362,168,64,358,226,160,129,562,64,229,229
9/9/2020,267,227,104,276,140,244,196,99,201,131,190,323,531,99,216.2857143,216
10/9/2020,200,295,100,256,102,303,217,107,330,194,135,300,558,107,228.8571429,229
11/9/2020,163,188,47,207,150,265,221,68,390,109,93,184,494,68,189.0714286,189
12/9/2020,252,326,77,234,124,205,166,95,310,184,88,172,566,95,206.7142857,207
13/09/2020,107,255,82,232,56,142,196,97,378,233,102,182,412,97,183.6428571,184
14/09/2020,338,239,42,213,172,234,122,18,482,175,16,161,332,18,183,183
15/09/2020,323,319,79,247,119,300,192,81,348,136,146,188,656,81,229.6428571,230
16/09/2020,367,383,151,260,319,218,187,59,298,220,236,263,675,59,263.9285714,264
17/09/2020,274,348,114,330,145,355,204,106,351,241,136,296,820,106,273.2857143,273
18/09/2020,348,351,107,222,191,436,225,74,297,268,101,326,926,74,281.8571429,282
19/09/2020,219,537,125,242,208,330,263,89,534,349,221,351,824,89,312.9285714,313
20/09/2020,112,299,114,314,110,195,274,172,483,289,190,322,892,172,281.2857143,281
21/09/2020,403,406,57,143,197,347,156,44,349,167,16,183,533,44,217.5,218
22/09/2020,501,624,157,365,136,503,169,169,444,242,207,369,681,169,338.2857143,338
23/09/2020,453,590,130,406,300,440,262,214,512,278,223,478,852,214,382.2857143,382
24/09/2020,551,655,136,419,268,569,341,143,763,353,189,474,875,143,419.9285714,420
25/09/2020,414,729,106,435,224,589,322,108,784,419,191,607,814,108,417.8571429,418
26/09/2020,476,924,96,332,252,690,389,81,826,547,329,594,1050,81,476.2142857,476
27/09/2020,249,537,71,310,122,341,426,109,915,488,263,573,853,109,383.2857143,383
28/09/2020,524,859,56,432,453,583,213,31,405,378,38,383,486,31,348,348
29/09/2020,679,1056,120,519,321,812,336,135,1040,374,271,484,935,135,515.5,516
30/09/2020,804,934,121,435,471,633,442,138,977,631,286,808,986,138,557.4285714,557
1/10/2020,605,1042,153,625,476,892,340,131,968,513,223,613,856,131,540.5714286,541
2/10/2020,633,925,139,423,257,534,432,127,1016,633,239,812,1096,127,528.0714286,528
3/10/2020,544,952,123,555,278,866,342,187,973,496,296,778,1049,187,544.7142857,545
4/10/2020,199,705,94,339,207,458,474,148,792,496,315,793,1119,148,449.0714286,449
5/10/2020,424,837,79,545,416,845,354,35,606,281,25,425,700,35,400.5,401
6/10/2020,672,1201,114,602,432,852,427,110,854,520,330,757,989,110,569.2857143,569
7/10/2020,317,391,143,377,236,497,490,84,1350,650,393,948,1182,84,510.1428571,510
8/10/2020,793,911,124,556,366,714,231,143,1024,285,295,385,467,143,459.7857143,460
9/10/2020,843,1191,140,727,539,1107,522,158,1174,672,290,755,1012,158,663.4285714,663
10/10/2020,619,1228,162,413,242,712,523,121,1632,677,348,1208,1310,121,665.4285714,665
11/10/2020,618,480,28,274,295,343,417,144,1451,640,378,960,797,144,497.7857143,498
12/10/2020,488,1122,72,370,323,907,382,51,740,288,186,697,629,51,450.4285714,450
13/10/2020,456,793,100,303,224,551,476,87,1139,606,244,1010,777,87,489.5,490
14/10/2020,521,1209,65,557,311,551,350,132,1013,364,169,581,581,132,466.8571429,467
15/10/2020,563,606,140,405,234,418,495,71,447,354,248,867,679,71,399.8571429,400
16/10/2020,629,1022,201,464,280,656,432,146,1025,648,296,809,595,146,524.9285714,525
17/10/2020,385,730,152,462,251,540,411,79,1519,688,203,1109,848,79,532.5714286,533
18/10/2020,340,598,79,293,120,378,514,87,1399,342,179,862,685,87,425.9285714,426
19/10/2020,592,644,49,400,145,569,180,28,910,271,32,533,516,28,349.7857143,350
20/10/2020,820,1190,115,566,200,742,473,103,786,403,248,896,470,103,508.2142857,508
21/10/2020,837,929,168,377,216,481,526,188,668,417,247,946,657,188,488.9285714,489
22/10/2020,716,874,76,497,189,671,332,93,897,465,195,847,838,93,484.5,485
23/10/2020,706,1170,57,430,200,737,426,90,1375,531,285,1020,890,90,571.9285714,572
24/10/2020,542,816,148,274,137,527,458,145,719,457,331,1086,909,145,478.1428571,478
25/10/2020,332,457,60,174,64,316,386,86,653,374,303,1011,712,86,358.1428571,358
26/10/2020,647,716,67,258,65,329,194,46,853,276,24,480,513,46,322.4285714,322
27/10/2020,790,1250,204,506,203,935,395,118,706,337,112,730,413,118,486.9285714,487
28/10/2020,788,802,116,419,187,482,594,151,548,449,260,1018,785,151,482.1428571,482
29/10/2020,664,674,157,341,133,482,389,114,589,369,270,983,789,114,433.4285714,433
30/10/2020,645,1114,108,337,156,741,367,167,761,482,163,1096,587,167,492.2142857,492
31/10/2020,616,1042,179,306,143,711,584,113,769,496,203,1112,790,113,512.6428571,513
1/11/2020,498,518,42,195,58,350,434,105,522,435,160,943,591,105,354,354
2/11/2020,760,850,89,335,147,583,246,50,467,286,44,433,361,50,335.7857143,336
3/11/2020,765,1197,225,370,182,937,507,112,467,431,245,856,654,112,504.2857143,504
4/11/2020,660,749,185,329,155,523,571,159,784,453,186,1114,651,159,477,477
5/11/2020,643,673,187,354,137,671,479,100,627,372,212,900,756,100,443.6428571,444
6/11/2020,696,1042,107,266,94,574,461,106,761,464,183,951,617,106,459.1428571,459
7/11/2020,479,644,165,344,159,488,500,171,642,465,147,864,719,171,425.5714286,426
8/11/2020,353,433,83,152,75,236,406,101,540,306,153,641,421,101,285.7857143,286
9/11/2020,641,583,116,301,81,431,203,37,548,225,43,430,324,37,285.7142857,286
10/11/2020,521,977,249,264,141,679,426,97,685,342,234,711,567,97,427.8571429,428
11/11/2020,568,489,276,346,108,399,580,158,527,424,230,966,484,158,408.0714286,408
12/11/2020,468,756,85,240,81,489,344,114,617,434,138,727,386,114,356.6428571,357
13/11/2020,542,860,188,363,139,530,347,135,588,438,189,677,439,135,397.8571429,398
14/11/2020,496,489,220,203,62,341,425,152,673,467,143,759,468,152,360.7142857,361
15/11/2020,226,279,49,110,64,191,266,153,558,416,171,425,314,153,241.0714286,241
16/11/2020,364,613,122,335,96,682,165,39,496,185,40,228,204,39,257.7142857,258
17/11/2020,637,887,238,213,109,693,429,103,776,380,202,667,391,103,416.2857143,416
18/11/2020,527,423,256,337,145,338,373,239,507,377,234,703,468,239,369,369
19/11/2020,395,554,143,251,138,509,342,151,862,496,200,631,456,151,377.0714286,377
20/11/2020,383,797,178,211,104,464,423,105,1054,573,174,653,393,105,401.2142857,401
21/11/2020,433,494,274,233,81,314,423,251,764,478,216,483,399,251,363.8571429,364
22/11/2020,259,325,49,144,32,198,355,147,796,468,169,543,383,147,286.7857143,287
23/11/2020,390,570,161,264,99,462,279,90,1023,331,57,278,229,90,308.7857143,309
24/11/2020,546,774,200,242,103,539,461,150,852,453,197,556,350,150,398.0714286,398
25/11/2020,347,472,265,226,86,397,450,275,664,463,287,652,461,275,380,380
26/11/2020,236,397,216,131,96,229,425,238,719,376,207,573,457,238,324.1428571,324
27/11/2020,309,812,157,315,137,458,346,180,612,351,159,525,262,180,343.0714286,343
28/11/2020,381,512,169,277,122,426,629,258,680,491,141,647,488,258,391.3571429,391
29/11/2020,275,317,146,175,86,238,399,213,721,394,244,525,370,213,308.2857143,308
30/11/2020,279,504,73,222,83,349,243,63,611,242,91,250,234,63,236.2142857,236
1/12/2020,437,732,57,201,108,366,585,284,886,323,283,630,404,284,398.5714286,399
2/12/2020,408,441,200,288,90,285,537,241,822,427,299,655,523,241,389.7857143,390
3/12/2020,394,486,155,275,146,318,337,114,714,375,317,647,424,114,344,344
4/12/2020,365,665,123,280,112,405,570,87,943,447,163,528,279,87,361,361
5/12/2020,272,474,222,223,75,380,567,283,920,399,208,536,288,283,366.4285714,366
6/12/2020,287,278,47,154,44,292,387,234,664,341,197,476,345,234,284.2857143,284
7/12/2020,241,528,104,207,79,317,202,61,541,202,121,304,255,61,230.2142857,230
8/12/2020,194,717,186,251,52,212,695,281,694,328,238,625,272,281,359,359
9/12/2020,289,555,243,186,110,305,497,361,709,343,254,511,181,361,350.3571429,350
10/12/2020,396,409,113,286,71,482,346,140,700,212,200,393,282,140,297.8571429,298
11/12/2020,437,732,171,169,60,354,326,219,619,257,379,272,277,219,320.7857143,321
12/12/2020,218,509,225,267,74,269,593,239,765,436,333,528,373,239,362,362
13/12/2020,220,343,55,136,15,160,416,206,649,307,229,438,254,206,259.5714286,260
14/12/2020,322,617,108,149,20,419,252,65,441,190,133,268,222,65,233.6428571,234
15/12/2020,441,959,242,250,60,507,758,202,377,349,404,712,430,202,420.9285714,421
16/12/2020,330,481,153,266,92,346,568,260,437,401,443,585,345,260,354.7857143,355
17/12/2020,324,578,214,298,78,441,505,165,515,306,432,457,271,165,339.2142857,339
18/12/2020,465,826,67,268,119,409,538,259,485,365,404,630,309,259,385.9285714,386
19/12/2020,254,591,81,292,94,484,578,68,657,390,375,656,363,68,353.6428571,354
20/12/2020,242,377,119,159,43,234,905,231,662,247,360,408,333,231,325.0714286,325
21/12/2020,329,686,100,302,72,498,217,160,626,305,112,259,222,160,289.1428571,289
22/12/2020,431,953,204,228,68,499,760,208,565,303,546,747,333,208,432.3571429,432
23/12/2020,272,544,190,263,84,555,642,267,500,367,406,564,404,267,380.3571429,380
24/12/2020,357,586,107,266,56,494,498,165,482,313,405,591,334,165,344.2142857,344
25/12/2020,259,403,223,120,52,361,599,174,466,303,543,374,292,174,310.2142857,310
26/12/2020,231,605,253,289,37,501,250,204,513,156,177,377,202,204,285.6428571,286
27/12/2020,188,340,89,103,37,174,509,148,517,230,389,384,322,148,255.5714286,256
28/12/2020,352,734,131,230,59,437,241,79,504,209,91,294,188,79,259.1428571,259
29/12/2020,463,1006,271,242,75,602,777,175,610,249,561,649,414,175,447.7857143,448
30/12/2020,425,574,283,302,96,402,542,210,407,338,714,450,320,210,376.6428571,377
31/12/2020,364,602,301,266,80,417,481,244,388,225,512,515,420,244,361.3571429,361
1/1/2021,382,743,222,197,83,384,477,238,511,226,493,436,386,238,358.2857143,358
2/1/2021,270,728,209,179,41,327,540,213,580,240,452,414,290,213,335.4285714,335
3/1/2021,230,382,141,133,27,183,408,173,522,218,385,328,282,173,256.0714286,256
4/1/2021,391,719,173,252,58,435,263,76,406,135,110,281,222,76,256.9285714,257
5/1/2021,446,1068,284,219,77,548,715,207,385,259,665,616,388,207,434.5714286,435
6/1/2021,432,663,202,151,86,293,555,229,432,255,666,502,416,229,365.0714286,365
7/1/2021,341,708,290,249,65,377,515,248,435,239,514,432,284,248,353.2142857,353
8/1/2021,318,893,181,182,93,477,462,241,419,267,433,500,313,241,358.5714286,359
9/1/2021,265,650,237,262,43,354,574,238,523,217,470,403,344,238,344.1428571,344
10/1/2021,186,443,178,160,48,236,345,226,441,175,447,335,288,226,266.7142857,267
11/1/2021,349,813,130,273,58,447,321,68,388,176,131,168,222,68,258,258
12/1/2021,432,998,336,235,72,528,709,245,400,201,482,479,350,245,408,408
13/01/2021,347,659,302,259,92,463,589,322,712,210,448,437,386,322,396.2857143,396
14/01/2021,353,799,246,219,97,468,459,238,409,225,579,446,295,238,362.2142857,362
15/01/2021,355,1046,256,207,92,445,567,255,478,209,443,499,301,255,386.2857143,386
16/01/2021,302,767,320,239,79,439,552,290,489,348,487,421,377,290,385.7142857,386
17/01/2021,179,574,117,187,35,322,399,292,479,176,427,262,296,292,288.3571429,288
18/01/2021,475,1019,184,301,63,591,308,67,357,152,123,182,296,67,298.9285714,299
19/01/2021,422,1031,305,281,64,639,674,245,509,242,512,540,404,245,436.6428571,437
20/01/2021,415,771,279,299,87,628,704,241,537,237,654,441,377,241,422.2142857,422
21/01/2021,409,1018,302,312,67,573,647,193,657,241,534,468,468,193,434.4285714,434
22/01/2021,474,1083,181,321,87,684,581,173,582,284,624,547,515,173,450.6428571,451
23/01/2021,284,822,187,362,124,543,702,187,535,234,557,401,522,187,403.3571429,403
24/01/2021,271,487,114,115,42,399,622,153,403,208,458,436,399,153,304.2857143,304
25/01/2021,481,866,121,305,85,597,311,84,220,162,117,301,313,84,289.0714286,289
26/01/2021,360,879,268,357,84,483,638,218,511,259,552,579,525,218,423.6428571,424
27/01/2021,432,784,269,275,84,685,517,190,404,185,397,336,353,190,364.3571429,364
28/01/2021,421,865,232,349,120,674,522,114,413,236,452,424,408,114,381.7142857,382
29/01/2021,526,859,167,321,102,688,623,163,414,259,447,497,414,163,403.0714286,403
30/01/2021,371,743,207,230,70,484,487,179,423,256,556,524,350,179,361.3571429,361
31/01/2021,256,424,126,157,41,253,511,212,482,211,496,378,300,212,289.9285714,290
1/2/2021,313,755,100,340,83,587,302,71,516,145,184,263,288,71,287,287
2/2/2021,395,871,179,297,93,690,621,74,454,251,524,565,383,74,390.7857143,391
3/2/2021,559,833,196,289,96,651,588,201,383,275,597,479,489,201,416.9285714,417
4/2/2021,310,714,189,253,99,391,450,180,489,217,569,481,409,180,352.2142857,352
5/2/2021,410,898,203,182,62,525,458,127,605,219,521,495,444,127,376.8571429,377
6/2/2021,368,558,142,254,87,824,512,161,652,235,496,448,480,161,384.1428571,384
7/2/2021,317,431,44,145,36,333,639,145,671,159,570,421,442,145,321.2857143,321
8/2/2021,338,615,66,273,112,586,363,70,503,102,244,288,380,70,286.4285714,286
9/2/2021,411,811,185,213,71,689,555,135,449,186,496,498,455,135,377.7857143,378
10/2/2021,342,632,78,251,102,579,575,144,421,191,571,540,455,144,358.9285714,359
11/2/2021,472,589,97,197,146,506,383,133,413,227,694,375,293,133,332.7142857,333
12/2/2021,506,746,78,279,133,460,565,115,529,149,542,472,393,115,363,363
13/02/2021,349,439,97,164,72,347,376,143,308,153,480,553,363,143,284.7857143,285
14/02/2021,254,393,41,135,44,192,532,83,630,169,465,377,305,83,264.5,265
15/02/2021,381,643,71,182,126,547,289,52,560,83,107,173,248,52,251,251
16/02/2021,339,519,103,284,73,552,471,131,345,217,524,503,373,131,326.0714286,326
17/02/2021,251,609,86,211,176,366,506,121,332,140,546,442,344,121,303.6428571,304
18/02/2021,440,535,85,196,73,416,361,93,493,130,492,346,300,93,289.5,290
19/02/2021,382,564,71,176,124,444,407,159,476,160,412,336,333,159,300.2142857,300
20/02/2021,290,514,118,167,100,334,267,82,529,193,317,503,328,82,273.1428571,273
21/02/2021,266,246,35,114,86,154,440,99,346,129,391,361,266,99,216.5714286,217
22/02/2021,275,484,62,206,140,408,145,62,229,68,97,141,199,62,184.1428571,184
23/02/2021,246,473,91,199,126,447,389,57,355,147,430,386,255,57,261.2857143,261
24/02/2021,275,408,76,312,141,311,354,83,329,109,512,341,263,83,256.9285714,257
25/02/2021,272,332,93,177,119,378,379,89,270,112,289,260,261,89,222.8571429,223
26/02/2021,308,415,56,173,148,411,227,67,278,130,333,490,234,67,238.3571429,238
27/02/2021,247,352,46,181,123,315,236,61,388,115,270,416,240,61,217.9285714,218
28/02/2021,137,240,104,198,71,128,363,47,354,88,266,201,160,47,171.7142857,172
1/3/2021,161,306,92,225,80,271,103,31,241,56,62,107,118,31,134.5714286,135
2/3/2021,210,281,85,128,109,236,217,64,344,99,238,354,190,64,187.0714286,187
3/3/2021,223,228,46,204,121,258,241,63,280,101,206,242,158,63,173.8571429,174
4/3/2021,207,291,36,175,125,232,224,35,171,81,126,248,222,35,157.7142857,158
5/3/2021,206,237,43,215,89,299,185,41,298,89,183,283,190,41,171.3571429,171
6/3/2021,152,219,59,158,97,167,223,53,286,102,222,231,188,53,157.8571429,158
7/3/2021,79,138,25,82,48,141,142,40,176,78,115,213,175,40,106.5714286,107
8/3/2021,98,231,81,178,73,213,80,20,132,55,48,90,139,20,104.1428571,104
9/3/2021,171,244,67,123,121,201,279,49,142,77,198,244,160,49,151.7857143,152
10/3/2021,168,205,54,200,117,152,180,59,283,57,233,195,178,59,152.8571429,153
11/3/2021,97,154,45,131,66,153,188,24,179,88,206,172,116,24,117.3571429,117
12/3/2021,133,232,126,205,84,224,127,52,205,67,76,197,165,52,138.9285714,139
13/03/2021,112,132,112,151,65,188,168,45,173,80,70,153,162,45,118.2857143,118
14/03/2021,70,119,91,74,29,116,161,38,151,39,137,108,161,38,95.14285714,95
15/03/2021,103,238,47,176,78,163,68,24,124,50,42,70,130,24,95.5,96
16/03/2021,91,255,86,139,131,230,217,59,102,69,126,166,165,59,135.3571429,135
17/03/2021,121,184,89,161,104,188,169,70,163,75,156,137,180,70,133.3571429,133
18/03/2021,131,185,60,180,105,176,158,43,146,67,148,131,200,43,126.6428571,127
19/03/2021,105,228,62,159,119,169,125,40,155,98,137,203,131,40,126.5,127
20/03/2021,108,154,47,182,79,158,164,58,146,68,62,166,200,58,117.8571429,118
21/03/2021,103,106,53,125,44,112,144,64,139,77,115,173,155,64,105.2857143,105
22/03/2021,117,178,95,252,128,175,70,31,81,59,46,89,175,31,109.0714286,109
23/03/2021,94,245,97,295,103,153,190,78,92,79,101,196,148,78,139.2142857,139
24/03/2021,110,188,123,205,92,147,191,55,173,101,117,195,300,55,146.5714286,147
25/03/2021,117,171,71,245,104,173,152,66,193,72,101,94,202,66,130.5,131
26/03/2021,62,247,52,222,78,164,111,69,103,65,87,137,150,69,115.4285714,115
27/03/2021,93,220,113,285,163,127,212,77,140,103,80,198,166,77,146.7142857,147
28/03/2021,48,184,66,249,98,92,139,59,207,63,82,176,147,59,119.2142857,119
29/03/2021,83,283,158,248,80,171,85,39,134,88,60,88,155,39,122.2142857,122
30/03/2021,89,316,92,416,167,147,190,118,250,91,62,208,225,118,177.7857143,178
31/03/2021,98,327,125,345,187,216,170,82,206,84,104,170,234,82,173.5714286,174
1/4/2021,75,278,246,272,184,158,199,176,170,113,127,240,163,176,184.0714286,184
2/4/2021,81,268,230,264,131,215,184,152,224,103,111,182,212,152,179.2142857,179
3/4/2021,99,368,291,350,190,148,126,191,191,115,72,201,180,191,193.7857143,194
4/4/2021,110,316,194,240,144,142,230,200,240,133,74,210,185,200,187,187
5/4/2021,165,487,259,410,128,173,164,133,193,113,45,176,249,133,202,202
6/4/2021,157,504,340,287,116,247,354,199,261,172,182,282,210,199,250.7142857,251
7/4/2021,241,654,205,334,234,279,300,273,276,170,111,280,330,273,282.8571429,283
8/4/2021,235,607,293,478,247,260,324,166,359,190,147,393,444,166,307.7857143,308
9/4/2021,392,977,645,451,286,311,417,348,359,252,259,414,422,348,420.0714286,420
10/4/2021,339,842,682,575,251,304,376,484,549,304,256,530,550,484,466.1428571,466
11/4/2021,340,779,469,536,220,282,666,605,728,325,246,423,525,605,482.0714286,482
12/4/2021,456,1162,637,503,430,448,407,388,612,206,148,320,505,388,472.1428571,472
13/04/2021,481,1226,768,748,424,440,629,590,633,348,312,690,579,590,604.1428571,604
14/04/2021,345,1267,931,649,158,399,816,538,888,461,373,544,666,538,612.3571429,612
15/04/2021,745,1391,868,673,643,454,751,614,744,481,395,704,800,614,705.5,706
16/04/2021,908,2187,838,1132,333,472,780,812,882,514,261,737,750,812,815.5714286,816
17/04/2021,800,2835,848,1451,622,802,1154,873,1430,864,664,1149,909,873,1091,1091
18/04/2021,704,1781,779,1175,676,455,1703,659,1677,1077,673,1780,990,659,1056.285714,1056
19/04/2021,1347,3212,859,1360,861,848,973,500,1661,581,390,1388,981,500,1104.357143,1104
20/04/2021,1172,3980,1251,1554,685,943,1510,968,1945,1109,459,1868,1490,968,1421.571429,1422
21/04/2021,1157,4396,1153,1747,701,988,2140,732,1874,1120,821,2293,1881,732,1552.5,1553
22/04/2021,1239,4548,1235,1998,1110,1080,2485,909,2776,1518,1246,2781,2283,909,1865.5,1866
23/04/2021,1750,3320,978,1755,908,1255,1986,743,2671,1728,1171,2952,2345,743,1736.071429,1736
24/04/2021,1302,4468,1036,1843,771,1209,2062,814,2745,1512,933,2584,2383,814,1748.285714,1748
25/04/2021,1183,2515,407,1618,1086,741,2666,769,3123,1820,871,2871,2020,769,1604.214286,1604
26/04/2021,1770,4270,955,1996,906,1591,1275,325,2455,1342,457,2416,2272,325,1596.785714,1597
27/04/2021,2235,5287,1396,1857,872,1422,2970,959,3251,2071,1163,3097,2892,959,2173.642857,2174
28/04/2021,2043,5369,956,1999,1063,2058,2917,890,3684,1920,1202,4107,3210,890,2307.714286,2308
29/04/2021,2224,4642,1117,2482,813,1969,3616,1056,3857,2411,1245,3954,3940,1056,2455.857143,2456
30/04/2021,2536,5002,1053,1484,1006,1648,2917,1173,3945,2273,1225,4281,3535,1173,2375.071429,2375
1/5/2021,2442,3502,1046,1525,566,1597,2515,1196,3354,2499,1065,4070,3111,1196,2120.285714,2120
2/5/2021,1994,3291,422,1469,1139,1311,2815,655,3085,1936,1082,3942,3424,655,1944.285714,1944
3/5/2021,2719,5030,1056,1985,673,2429,1650,328,3278,1729,428,2621,2450,328,1907.428571,1907
4/5/2021,2951,6558,1305,2087,1056,2946,2170,892,4323,3111,1093,3567,3388,892,2595.642857,2596
5/5/2021,3040,6506,1236,2418,1158,2513,3432,701,4166,2551,1282,3731,3727,701,2654.428571,2654
6/5/2021,2160,5361,1284,3139,939,2422,2865,787,4405,2950,1341,3587,3969,787,2571.142857,2571
7/5/2021,2433,5492,737,3090,1749,2838,2153,482,3949,2968,1191,3738,3950,482,2518,2518
8/5/2021,2088,4767,1075,2297,766,2390,2395,702,4558,3216,1180,4230,4560,702,2494.714286,2495
9/5/2021,1908,2834,461,1838,919,2039,2324,590,3850,2881,939,3753,4240,590,2083.285714,2083
10/5/2021,2460,4514,830,2085,963,2888,1713,211,3443,2297,450,3280,3494,211,2059.928571,2060
11/5/2021,2601,6410,1281,2346,969,3350,2566,631,4774,2959,1224,3282,3700,631,2623.142857,2623
12/5/2021,2709,5026,846,2261,883,3731,2904,497,5388,3520,1339,3994,4284,497,2705.642857,2706
13/05/2021,2149,3855,1111,2159,1092,2992,2771,517,5044,3223,1301,3587,4050,517,2454.857143,2455
14/05/2021,1996,3744,987,1652,847,2332,2043,392,3997,2948,1204,3162,4567,392,2161.642857,2162
15/05/2021,1761,3154,837,1695,560,2416,2012,499,4782,3165,1119,3334,3292,499,2080.357143,2080
16/05/2021,1679,2315,511,1641,597,1946,1806,486,4424,3145,798,3056,2818,486,1836.285714,1836
17/05/2021,2353,3517,802,1374,739,3323,1349,158,2941,1871,490,2045,2364,158,1677.428571,1677
18/05/2021,2034,4282,1012,1789,677,3029,1855,411,4320,3105,1149,2312,3355,411,2124.357143,2124
19/05/2021,2462,3336,571,1433,728,2639,1988,373,4212,2709,1108,2888,3600,373,2030,2030
20/05/2021,2072,3102,501,1410,650,2745,1826,315,4746,2560,991,2231,3969,315,1959.5,1960
21/05/2021,2178,3219,662,1252,702,2423,1760,264,3499,3040,878,2481,4151,264,1912.357143,1912
22/05/2021,1727,2823,675,1265,555,2093,1750,244,3932,3020,877,2404,3300,244,1779.214286,1779
23/05/2021,1272,1885,263,947,444,1494,1322,249,4074,2700,815,2506,2700,249,1494.285714,1494
24/05/2021,2482,3063,462,1212,602,2867,1090,170,2533,1898,333,1430,2570,170,1491.571429,1492
25/05/2021,2184,3444,917,1304,572,2886,1555,281,5315,3285,1076,2147,3131,281,2027,2027
26/05/2021,1591,2779,498,1023,584,2111,1473,307,4751,3038,906,2209,2829,307,1743.285714,1743
27/05/2021,1640,2237,474,974,534,2368,919,234,4212,2592,800,1938,3210,234,1597.571429,1598
28/05/2021,1984,2606,395,984,506,2177,1128,272,3938,2038,728,1726,2545,272,1521.357143,1521
29/05/2021,1530,1977,489,991,532,1841,1167,241,3990,2682,683,1707,2767,241,1488.428571,1488
30/05/2021,1016,1247,234,558,341,1200,834,198,3015,1970,517,2034,2423,198,1127.5,1128
31/05/2021,1557,2081,550,866,439,2149,577,128,1689,1300,277,1055,1750,128,1039,1039
1/6/2021,1758,2325,451,746,461,1906,891,272,2874,2178,694,1598,2345,272,1340.785714,1341
2/6/2021,1337,2041,673,856,560,2272,846,310,2346,2117,638,1401,2380,310,1291.928571,1292
3/6/2021,1198,1551,584,621,392,1717,707,194,2448,2201,585,1766,2150,194,1164.857143,1165
4/6/2021,1212,1769,312,684,520,1787,636,191,2300,1925,493,1510,2007,191,1109.785714,1110
5/6/2021,925,1807,407,640,423,1648,822,266,1980,1899,472,1582,2468,266,1114.642857,1115
6/6/2021,803,968,171,439,215,862,499,147,1687,1494,359,1417,2126,147,809.5714286,810
7/6/2021,1197,1868,487,692,454,1718,464,104,908,1028,199,925,1481,104,830.6428571,831
8/6/2021,1280,2059,303,619,533,1852,644,184,2121,1284,560,1213,1760,184,1042.571429,1043
9/6/2021,848,1596,417,750,443,1605,645,228,1744,1696,545,1447,1783,228,998.2142857,998
10/6/2021,845,1629,311,667,499,1552,580,259,1597,1312,429,1359,2030,259,952,952
11/6/2021,916,1539,324,442,475,1592,662,206,1413,1355,479,1291,2060,206,925.7142857,926
12/6/2021,660,1088,430,633,419,1312,560,222,1444,1365,441,1319,2234,222,882.0714286,882
13/06/2021,524,977,65,339,326,791,622,179,1006,1027,223,1373,1775,179,671.8571429,672
14/06/2021,887,1702,268,547,301,1597,400,114,581,767,327,770,1170,114,681.7857143,682
15/06/2021,859,1793,314,675,430,1342,442,266,1072,1066,480,1095,1567,266,833.3571429,833
16/06/2021,954,1322,309,535,416,1412,704,311,1350,1255,437,1162,1678,311,868.2857143,868
17/06/2021,895,1315,239,429,373,1422,464,352,1293,957,588,1157,1727,352,825.9285714,826
18/06/2021,796,1557,418,527,493,1132,505,203,1039,1020,405,972,1550,203,772.8571429,773
19/06/2021,638,1461,275,486,476,1219,640,230,1282,1032,433,1422,1777,230,828.6428571,829
20/06/2021,451,926,98,434,319,810,600,246,1187,1045,234,1113,1600,246,664.9285714,665
21/06/2021,740,1491,284,580,430,1525,287,175,689,710,298,820,963,175,654.7857143,655
22/06/2021,815,1706,270,607,590,1230,609,268,1603,1204,441,1298,1345,268,875.2857143,875
23/06/2021,766,1461,361,696,439,1325,547,372,1321,1315,427,1210,1501,372,865.2142857,865
24/06/2021,660,1112,216,619,729,1200,594,266,1287,990,525,1025,1248,266,766.9285714,767
25/06/2021,770,1414,267,535,577,1132,488,300,1374,1061,432,1134,1291,300,791.0714286,791
26/06/2021,657,1103,261,562,675,1115,550,328,1339,921,345,1311,1522,328,786.9285714,787
27/06/2021,451,721,168,450,513,833,428,276,1103,1010,343,941,1401,276,636.7142857,637
28/06/2021,772,1372,275,746,570,1513,299,138,824,687,189,944,1100,138,683.3571429,683
29/06/2021,833,1448,291,634,709,1245,579,362,1708,1330,473,1483,1255,362,908,908
30/06/2021,832,1153,278,766,765,1186,583,453,1610,1273,457,1500,1470,453,912.7857143,913
1/7/2021,720,1116,313,719,708,1271,504,459,1561,1050,398,1304,1341,459,851.6428571,852
2/7/2021,743,1296,313,675,682,1092,550,335,1553,1098,374,1175,1115,335,809.7142857,810
3/7/2021,683,1105,242,782,593,1112,570,330,1640,1094,415,1450,1113,330,818.5,819
4/7/2021,545,713,129,560,360,741,568,397,1541,1183,299,1240,1099,397,698,698
5/7/2021,793,1468,239,947,613,1508,355,137,894,902,237,922,744,137,706.8571429,707
6/7/2021,863,1727,323,962,786,1501,662,436,2110,1221,511,1363,1115,436,1001.142857,1001
7/7/2021,660,1323,265,897,660,1151,779,433,2052,1180,449,1724,1150,433,939.7142857,940
8/7/2021,706,1291,301,826,576,1380,628,325,1981,1130,434,1403,1060,325,883.2857143,883
9/7/2021,853,1465,310,765,691,1347,683,345,1962,1049,420,1344,1184,345,911.6428571,912
10/7/2021,587,1128,319,792,640,1012,682,494,1883,1207,357,1705,949,494,874.9285714,875
11/7/2021,602,582,147,522,553,774,609,473,1861,909,299,1307,1009,473,722.8571429,723
12/7/2021,871,1624,240,926,657,1404,363,247,722,664,202,1092,676,247,709.6428571,710
13/07/2021,930,1894,447,912,738,1154,826,450,2115,1191,550,1364,977,450,999.8571429,1000
14/07/2021,791,1536,318,936,674,1106,804,475,2030,1111,449,1704,1133,475,967.2857143,967
15/07/2021,750,1352,226,719,726,1296,555,282,1917,1105,530,1405,936,282,862.9285714,863
16/07/2021,866,1908,351,1084,731,1304,800,363,1763,966,372,1558,1020,363,960.6428571,961
17/07/2021,786,1555,353,797,636,1026,890,526,2033,1140,500,1758,1025,526,967.9285714,968
18/07/2021,613,921,230,653,646,802,670,383,2271,952,342,1486,977,383,809.2142857,809
19/07/2021,905,1901,400,873,643,1556,484,221,1615,846,239,996,700,221,828.5714286,829
20/07/2021,969,2270,375,777,776,1175,1101,583,2752,1237,517,1929,1055,583,1149.928571,1150
21/07/2021,718,1554,426,552,706,970,996,685,2318,1394,584,1983,1166,685,1052.642857,1053
22/07/2021,901,1832,356,1121,793,1568,763,693,1249,1095,433,1605,987,693,1006.357143,1006
23/07/2021,986,2009,375,990,669,1458,1053,564,2871,1455,446,2023,996,564,1175.642857,1176
24/07/2021,914,1687,441,884,644,1263,760,530,2816,1624,485,2498,1107,530,1155.928571,1156
25/07/2021,645,1153,196,609,762,886,833,666,2684,1552,478,2190,1222,666,1038.714286,1039
26/07/2021,1064,2352,340,1072,813,1914,540,263,1779,1032,240,1498,727,263,992.6428571,993
27/07/2021,1461,2397,367,1179,895,1462,1136,787,4037,2115,523,2623,1100,787,1490.642857,1491
28/07/2021,991,2359,534,1275,929,1517,1067,696,3831,1649,549,3005,1101,696,1442.785714,1443
29/07/2021,1214,2306,433,1123,681,1415,1000,676,3679,2034,568,2752,1222,676,1412.785714,1413
30/07/2021,1120,2072,426,1243,715,1371,1030,548,3670,2070,504,2287,1082,548,1334.714286,1335
31/07/2021,1046,2246,433,1112,707,1336,1111,660,3474,2209,629,2693,969,660,1377.5,1378
1/8/2021,659,1219,263,802,703,949,963,551,3770,1882,386,2689,1050,551,1174.071429,1174
2/8/2021,1261,2702,382,1180,789,1836,673,291,1925,1506,301,2350,666,291,1153.785714,1154
3/8/2021,875,2663,637,1299,934,1527,1241,723,4276,2223,584,2908,1133,723,1553.285714,1553
4/8/2021,1240,2373,589,1142,685,1547,1208,564,3691,1928,657,2912,1155,564,1446.785714,1447
5/8/2021,1167,2310,498,993,738,1301,1077,720,3645,2139,536,2921,1119,720,1420.285714,1420
6/8/2021,1090,2121,474,1217,662,1420,963,547,3417,2031,675,2167,1070,547,1314.357143,1314
7/8/2021,941,2216,598,1012,523,1075,995,603,3413,2137,561,2500,944,603,1294.357143,1294
8/8/2021,771,1329,313,944,507,736,942,497,3051,1550,441,2472,933,497,1070.214286,1070
9/8/2021,1230,2539,414,1091,536,1637,597,202,2052,1336,368,1762,567,202,1038.071429,1038
10/8/2021,1440,2856,773,1194,562,1633,1245,619,3603,1841,686,2231,1040,619,1453,1453
11/8/2021,1238,2425,500,1338,578,1339,1227,559,3109,2414,696,3124,1255,559,1454.357143,1454
12/8/2021,998,2388,520,1472,600,1378,1188,729,3300,2168,630,2465,933,729,1392.714286,1393
13/08/2021,1150,2243,460,1009,520,1234,1032,524,3010,1930,719,2384,1070,524,1272.071429,1272
14/08/2021,941,2161,275,1257,419,1093,900,648,3038,1836,584,2475,945,648,1230,1230
15/08/2021,748,1353,236,873,317,743,929,265,2681,1771,517,2423,927,265,1003.428571,1003
16/08/2021,1177,2643,612,1306,509,1692,647,378,1693,1344,545,1394,600,378,1065.571429,1066
17/08/2021,1005,2636,1166,1326,607,1311,1155,879,3193,2134,824,2470,1155,879,1481.428571,1481
18/08/2021,1319,2527,900,1370,509,1418,1133,962,3089,1924,773,2307,1163,962,1454,1454
19/08/2021,1135,2707,1125,1034,440,1478,925,1161,2824,1948,818,2873,955,1161,1470.285714,1470
20/08/2021,870,1957,1171,919,286,1126,1115,961,2611,1528,797,2795,835,961,1280.857143,1281
21/08/2021,644,1101,962,778,243,766,1040,1224,2558,1624,511,2027,844,1224,1110.428571,1110
22/08/2021,781,1566,504,720,257,1103,415,1002,1577,1133,338,1007,484,1002,849.2142857,849
23/08/2021,1107,3149,906,1418,518,1762,699,423,1497,1503,372,1828,810,423,1172.5,1173
24/08/2021,1874,4048,1130,1930,619,2479,1474,1044,2778,2212,1031,3046,1435,1044,1867.428571,1867
25/08/2021,1741,3872,1164,1939,613,2619,2050,1151,3502,2562,1008,3865,1700,1151,2066.928571,2067
26/08/2021,2188,3627,961,1984,594,2828,1992,1012,2985,2261,1380,3157,1996,1012,1998.357143,1998
27/08/2021,1943,3807,1064,1643,521,2751,1877,1003,4032,2727,1288,3953,2255,1003,2133.357143,2133
28/08/2021,1498,3178,1001,1753,500,2266,1680,923,3199,2488,1229,3957,2360,923,1925.357143,1925
29/08/2021,1486,2315,506,1201,359,1622,1830,793,3190,2816,1178,3965,2150,793,1728.857143,1729
30/08/2021,1833,3548,925,1927,468,3188,1007,694,1526,1752,634,3177,1700,694,1648.071429,1648
31/08/2021,1975,4324,1333,1657,614,2663,1938,607,3576,2672,1251,2806,1980,607,2000.214286,2000
1/9/2021,1709,3768,848,1626,555,2908,2263,894,3099,2309,1363,4425,2579,894,2088.571429,2089
2/9/2021,2086,3435,826,1490,474,2957,2121,981,2664,2998,1267,4334,2440,981,2075.285714,2075
3/9/2021,1898,3456,799,1562,479,2381,1805,802,2736,2545,1078,3530,1878,802,1839.357143,1839
4/9/2021,1655,2915,825,1356,380,2368,2080,849,3166,2781,1154,3474,2314,849,1869,1869
5/9/2021,1444,2029,501,1262,367,1624,1662,566,2568,2373,947,3214,2103,566,1516.142857,1516
6/9/2021,1435,3194,367,1649,388,2548,1020,445,1695,1569,670,3120,1483,445,1430.571429,1431
7/9/2021,1645,3611,654,1433,510,2717,1814,296,2952,2332,1016,2557,1686,296,1679.928571,1680
8/9/2021,1604,3175,973,1532,455,2124,2214,869,2580,2288,1181,3832,2900,869,1899.714286,1900
9/9/2021,1645,3034,692,1583,364,2099,1580,740,2452,1996,1244,3279,2598,740,1717.571429,1718
10/9/2021,1380,2490,708,810,284,1660,1565,639,2606,2020,849,3226,1877,639,1482.357143,1482
11/9/2021,1197,2572,843,1217,287,1687,1176,452,1554,1600,799,2812,2217,452,1347.5,1348
12/9/2021,1118,1694,525,814,194,1216,1780,443,1546,1644,779,2451,1884,443,1180.785714,1181
13/09/2021,1118,1893,373,1099,261,1373,1027,510,1199,1124,381,2158,1387,510,1029.5,1030
14/09/2021,969,1645,927,967,386,1348,1043,237,1523,1591,632,1936,1627,237,1076.285714,1076
15/09/2021,1442,2901,734,1246,280,1520,1702,738,1372,1558,821,1567,2143,738,1340.142857,1340
16/09/2021,1719,3143,848,1033,330,1645,1212,631,2061,1613,1015,3252,2135,631,1519.142857,1519
17/09/2021,933,2626,486,1119,363,1342,1431,338,1818,1674,983,4013,2045,338,1393.5,1394
18/09/2021,1270,2810,669,856,263,1392,1013,661,1596,1775,831,2329,2050,661,1298.285714,1298
19/09/2021,1077,1720,439,700,222,1221,1288,502,1387,1593,826,2620,2105,502,1157.285714,1157
20/09/2021,1250,1545,287,993,186,1407,1396,286,1204,1156,561,2504,1468,286,1037.785714,1038
21/09/2021,1256,2792,606,967,312,1225,1632,230,1377,1419,715,1843,1591,230,1156.785714,1157
22/09/2021,1254,2564,662,924,276,1593,1682,457,1298,1135,1011,2266,2313,457,1278,1278
23/09/2021,1164,2397,671,819,246,1500,1545,566,1401,1378,880,3033,1734,566,1278.571429,1279
24/09/2021,949,2500,606,890,283,1303,1367,339,1285,1312,759,2784,1802,339,1179.857143,1180
25/09/2021,985,2572,639,646,200,954,1117,458,1200,1081,849,1801,1961,458,1065.785714,1066
26/09/2021,766,1529,376,755,144,891,1486,366,1211,1008,623,1855,1861,366,945.5,946
27/09/2021,847,1132,374,643,148,1273,870,105,942,792,488,1667,1133,105,751.3571429,751
28/09/2021,647,1526,656,666,128,841,768,290,1061,749,540,1271,1339,290,769.4285714,769
29/09/2021,1120,2332,622,799,263,1078,886,440,1017,831,458,1541,1282,440,936.3571429,936
30/09/2021,811,1812,432,744,186,1131,1259,337,942,888,872,1918,1855,337,966,966
1/10/2021,625,1730,522,710,184,1001,896,389,1125,683,858,1823,1464,389,885.6428571,886
2/10/2021,700,1904,558,606,190,746,997,318,845,946,535,1579,1584,318,844.7142857,845
3/10/2021,525,920,430,611,92,729,894,263,894,720,554,1552,1420,263,704.7857143,705
4/10/2021,519,1099,285,563,150,755,591,130,747,552,499,1077,1134,130,587.9285714,588
5/10/2021,569,1932,729,698,203,869,806,227,686,768,514,1367,1156,227,767.9285714,768
6/10/2021,746,1839,582,679,182,854,840,387,931,634,766,1110,1703,387,831.4285714,831
7/10/2021,627,1495,421,688,160,672,735,249,762,723,643,1698,1435,249,754.0714286,754
8/10/2021,432,1337,444,561,185,696,906,286,764,548,557,1311,1482,286,699.6428571,700
9/10/2021,466,1639,365,602,155,739,569,217,660,631,447,930,1261,217,635.5714286,636
10/10/2021,336,1058,268,424,166,433,872,271,687,575,584,1378,1197,271,608.5714286,609
11/10/2021,425,931,400,628,93,491,466,214,550,426,179,639,1010,214,476.1428571,476
12/10/2021,506,1794,439,554,250,767,652,185,366,592,368,1178,902,185,624.1428571,624
13/10/2021,513,1332,417,505,178,590,925,328,699,530,547,1111,1125,328,652,652
14/10/2021,543,1377,537,479,221,606,838,288,437,455,490,1045,1363,288,640.5,641
15/10/2021,390,1280,592,420,117,500,622,310,593,359,291,1091,1288,310,583.0714286,583
16/10/2021,303,975,633,446,131,604,514,270,438,470,431,812,985,270,520.1428571,520
17/10/2021,316,1199,449,436,148,455,627,311,414,345,377,998,953,311,524.2142857,524
18/10/2021,302,817,274,426,141,521,350,194,356,327,245,732,869,194,410.5714286,411
19/10/2021,625,2012,562,531,159,846,765,166,353,542,424,1017,963,166,652.2142857,652
20/10/2021,369,1434,330,500,165,580,848,333,656,415,427,1168,1700,333,661.2857143,661
21/10/2021,390,1552,431,467,171,1013,659,294,499,439,533,1031,1102,294,633.9285714,634
22/10/2021,388,1233,280,410,158,649,731,257,517,337,500,910,1214,257,560.0714286,560
23/10/2021,333,1481,550,419,159,554,592,310,436,397,544,1105,1221,310,600.7857143,601
24/10/2021,217,1168,255,402,149,623,777,269,430,352,348,852,1210,269,522.9285714,523
25/10/2021,318,709,332,427,127,707,340,184,396,306,392,560,909,184,420.7857143,421
26/10/2021,340,1517,313,422,146,790,762,92,336,441,392,974,808,92,530.3571429,530
27/10/2021,241,1298,461,371,198,609,840,331,441,393,464,952,1284,331,586.7142857,587
28/10/2021,364,1047,412,336,178,805,580,298,362,364,407,836,1089,298,526.8571429,527
29/10/2021,285,862,181,349,119,627,597,285,371,335,421,847,1087,285,475.0714286,475
30/10/2021,270,1046,384,304,137,592,562,220,394,382,430,829,1001,220,483.6428571,484
31/10/2021,132,867,254,417,70,304,506,322,334,339,447,753,878,322,424.6428571,425
1/11/2021,228,916,242,255,76,606,228,210,302,264,350,537,750,210,369.5714286,370
2/11/2021,315,1025,408,422,158,501,673,118,290,345,213,780,990,118,454,454
3/11/2021,241,1163,306,411,112,674,616,444,342,284,534,649,1099,444,522.7857143,523
4/11/2021,333,791,357,341,125,698,616,254,370,292,289,875,944,254,467.0714286,467
5/11/2021,142,1037,325,394,99,774,422,247,240,234,415,743,878,247,442.6428571,443
6/11/2021,303,1061,269,388,117,622,508,192,215,343,267,724,888,192,434.9285714,435
7/11/2021,198,577,203,387,99,662,517,335,314,278,318,726,1052,335,428.6428571,429
8/11/2021,225,767,236,481,102,789,300,168,234,193,296,569,777,168,378.9285714,379
9/11/2021,326,1151,292,335,164,401,521,104,155,285,334,734,972,104,419.8571429,420
10/11/2021,250,922,274,471,124,694,812,330,173,287,348,802,1083,330,492.8571429,493
11/11/2021,233,1088,262,397,178,599,560,289,333,335,448,724,1095,289,487.8571429,488
12/11/2021,250,907,241,431,135,591,477,209,178,260,346,727,967,209,423.4285714,423
13/11/2021,218,919,276,376,110,454,515,203,250,313,189,772,850,203,403.4285714,403
14/11/2021,172,616,162,371,46,474,383,228,251,287,244,637,650,228,339.2142857,339
15/11/2021,180,614,206,368,118,357,226,119,159,176,175,484,709,119,286.4285714,286
16/11/2021,267,958,144,437,85,523,624,212,208,285,277,732,798,212,411.5714286,412
17/11/2021,185,812,277,348,97,531,700,209,237,249,240,760,839,209,406.6428571,407
18/11/2021,181,1109,150,335,83,379,570,275,287,269,253,591,848,275,400.3571429,400
19/11/2021,213,835,172,367,100,772,446,202,191,199,301,530,929,202,389.9285714,390
20/11/2021,143,873,164,361,83,307,488,131,215,205,212,722,949,131,356,356
21/11/2021,151,622,122,200,28,348,343,167,203,175,206,521,621,167,276.7142857,277
22/11/2021,169,469,199,291,60,383,228,82,179,115,110,247,465,82,219.9285714,220
23/11/2021,137,825,193,194,34,286,476,206,135,238,270,619,917,206,338.2857143,338
24/11/2021,215,963,159,373,120,377,327,220,101,203,167,428,838,220,336.5,337
25/11/2021,144,823,148,295,86,330,555,176,414,188,253,450,863,176,350.0714286,350
26/11/2021,152,797,139,287,95,380,369,158,162,208,202,485,633,158,301.7857143,302
27/11/2021,131,823,193,225,79,200,357,135,207,198,164,509,786,135,295.8571429,296
28/11/2021,114,666,142,231,78,259,319,128,253,166,165,434,670,128,268.0714286,268
29/11/2021,150,592,172,337,79,355,198,62,106,174,111,237,527,62,225.8571429,226
30/11/2021,162,822,183,236,87,351,271,168,211,189,169,492,755,168,304.5714286,305
1/12/2021,215,794,140,309,97,375,518,203,282,180,253,526,988,203,363.0714286,363
2/12/2021,195,770,144,284,79,372,295,98,136,104,183,395,850,98,285.9285714,286
3/12/2021,160,606,132,276,80,350,532,105,205,130,243,511,790,105,301.7857143,302
4/12/2021,147,678,182,246,51,346,347,91,233,151,211,489,814,91,291.2142857,291
5/12/2021,123,568,63,267,53,200,484,110,158,141,219,345,791,110,259.4285714,259
6/12/2021,165,776,90,308,88,374,286,39,135,99,95,262,482,39,231.2857143,231
7/12/2021,200,764,222,327,92,432,375,102,163,130,227,468,705,102,307.7857143,308
8/12/2021,141,691,80,287,94,300,453,132,202,108,261,425,773,132,291.3571429,291
9/12/2021,152,658,115,278,87,261,317,79,161,142,172,341,759,79,257.2142857,257
10/12/2021,139,543,86,202,79,310,332,90,157,123,164,352,690,90,239.7857143,240
11/12/2021,96,590,160,249,80,229,312,102,192,110,146,445,681,102,249.5714286,250
12/12/2021,83,525,61,224,54,163,242,68,212,80,170,224,808,68,213,213
13/12/2021,129,580,61,248,58,233,147,46,83,68,76,136,458,46,169.2142857,169
14/12/2021,174,598,120,237,70,260,323,107,142,105,176,306,566,107,235.0714286,235
15/12/2021,131,501,65,227,74,215,364,87,132,115,158,342,830,87,237.7142857,238
16/12/2021,164,680,71,228,57,255,262,78,147,128,135,269,633,78,227.5,228
17/12/2021,106,437,43,212,72,200,262,57,166,92,182,263,563,57,193.7142857,194
18/12/2021,119,522,70,185,69,207,300,77,135,74,172,315,708,77,216.4285714,216
19/12/2021,86,397,59,161,44,171,232,30,131,76,147,203,613,30,170,170
20/12/2021,106,333,60,176,56,167,177,28,80,73,116,120,439,28,139.9285714,140
21/12/2021,136,575,100,157,57,224,310,90,97,86,166,244,500,90,202.2857143,202
22/12/2021,117,369,88,166,49,145,253,69,181,77,186,194,645,69,186.2857143,186
23/12/2021,101,496,77,164,46,178,258,67,111,66,135,192,458,67,172.5714286,173
24/12/2021,93,424,57,145,52,154,202,115,106,62,149,187,534,115,171.0714286,171
25/12/2021,55,292,99,150,28,103,177,65,106,67,128,159,505,65,142.7857143,143
26/12/2021,79,190,65,121,42,100,96,80,115,73,63,119,374,80,114.0714286,114
27/12/2021,87,419,125,178,35,167,130,62,56,39,108,107,344,62,137.0714286,137
28/12/2021,128,526,170,136,53,141,203,79,102,60,158,237,405,79,176.9285714,177
29/12/2021,99,455,112,152,32,149,332,128,91,51,179,185,507,128,185.7142857,186
30/12/2021,110,503,142,170,34,144,195,73,98,64,150,192,416,73,168.8571429,169
31/12/2021,107,400,147,180,41,155,224,118,113,87,116,234,500,118,181.4285714,181
1/1/2022,134,434,145,158,42,172,153,116,138,58,130,171,481,116,174.8571429,175
2/1/2022,94,410,153,184,43,141,182,119,138,91,120,342,472,119,186.2857143,186
3/1/2022,147,641,239,268,49,201,199,67,123,80,117,188,583,67,212.0714286,212
4/1/2022,232,1081,367,215,83,188,352,155,157,124,165,330,599,155,300.2142857,300
5/1/2022,206,928,316,302,141,226,315,200,184,140,370,376,852,200,339.7142857,340
6/1/2022,223,1086,462,289,71,302,326,244,175,172,224,471,842,244,366.5,367
7/1/2022,235,1214,417,280,150,299,289,240,210,201,261,437,1116,240,399.2142857,399
8/1/2022,247,1066,594,391,147,312,319,250,260,248,316,561,1219,250,441.4285714,441
9/1/2022,264,929,605,319,116,311,364,318,256,251,286,407,1507,318,446.5,447
10/1/2022,347,1478,969,417,118,551,447,227,267,222,266,389,1486,227,529.3571429,529
11/1/2022,463,2214,1435,540,262,559,587,525,309,511,410,943,2200,525,820.2142857,820
12/1/2022,586,2394,1441,683,186,678,941,798,449,495,601,989,3498,798,1038.357143,1038
13/01/2022,588,3198,1354,787,371,892,913,827,589,553,581,1067,3404,827,1139.357143,1139
14/01/2022,765,2637,1637,845,317,831,1103,850,708,703,774,1389,3556,850,1211.785714,1212
15/01/2022,715,3204,1433,649,299,998,1194,972,728,835,863,1731,4694,972,1377.642857,1378
16/01/2022,835,4100,1033,1100,574,1264,1377,941,821,889,999,1700,3917,941,1463.642857,1464
17/01/2022,1087,4013,2452,1170,606,1604,1476,524,935,1191,872,1861,5863,524,1727,1727
18/01/2022,1339,5953,2203,1814,668,1742,1758,1070,1375,1546,1328,2622,6911,1070,2242.785714,2243
19/01/2022,1926,9605,1986,1973,1135,3002,2333,1368,1579,1920,1944,3604,5684,1368,2816.214286,2816
20/01/2022,1798,7339,2485,2015,563,2660,3091,1344,2259,2268,1497,3627,9720,1344,3000.714286,3001
21/01/2022,2168,8143,1936,1673,623,2882,3182,1379,2148,2345,1708,3667,7896,1379,2937.785714,2938
22/01/2022,1564,11091,1565,1336,630,2667,3053,1593,2431,2607,2012,5120,7430,1593,3192.285714,3192
23/01/2022,1165,4443,1451,1260,573,2421,2216,1338,2371,2137,1723,2779,8980,1338,2442.5,2443
24/01/2022,2561,9405,2130,2578,1728,4452,1900,1062,1710,1498,1065,2687,3256,1062,2649.571429,2650
25/01/2022,2506,9567,1757,2333,866,4177,3672,1000,3138,3550,2311,5520,8606,1000,3571.642857,3572
26/01/2022,2291,9708,1710,2152,1029,4511,3922,1602,2517,2683,2039,4449,6945,1602,3368.571429,3369
27/01/2022,2323,10571,1442,2314,1121,4138,3834,1504,2855,3356,2063,3934,7675,1504,3473.857143,3474
28/01/2022,2213,11103,1207,2252,966,3747,4182,1202,3003,3248,2021,6082,6735,1202,3511.642857,3512
29/01/2022,2861,9704,1213,1976,769,3836,4123,923,2996,2748,2176,3822,6647,923,3194.071429,3194
30/01/2022,2074,9453,737,1572,844,2817,3889,825,2796,3412,2517,7289,5746,825,3199.714286,3200
31/01/2022,2967,9331,1252,2081,552,3999,2840,617,2463,2718,1338,6177,3271,617,2873.071429,2873
1/2/2022,2939,11224,1052,2295,875,3828,3601,512,2838,3049,2678,7306,6121,512,3487.857143,3488
2/2/2022,3010,7055,1091,1670,714,3633,4192,803,3268,2598,2475,4843,5701,803,2989.714286,2990
3/2/2022,2610,6398,831,1814,731,3714,4303,638,2380,1972,3385,3186,5264,638,2704.571429,2705
4/2/2022,2023,5577,620,1807,503,3321,3399,557,2616,1792,2069,3426,5002,557,2376.357143,2376
5/2/2022,1609,3989,597,1442,463,2309,3569,427,2086,1577,1833,2729,3912,427,1926.357143,1926
6/2/2022,1109,3490,412,1031,313,2469,2529,447,1639,1215,1307,2554,3564,447,1609,1609
7/2/2022,1559,5676,584,1061,340,2806,2786,205,1218,816,1053,1780,3493,205,1684.428571,1684
8/2/2022,1405,4441,710,966,379,2318,3569,301,1349,1120,1322,1921,5273,301,1812.5,1813
9/2/2022,1025,3012,420,950,227,1656,2531,495,1200,866,1232,1790,2673,495,1326.571429,1327
10/2/2022,1036,2732,434,633,256,1696,1749,332,1234,858,972,1532,1999,332,1128.214286,1128
11/2/2022,1006,2973,298,597,205,1383,1502,324,750,686,785,1357,1933,324,1008.785714,1009
12/2/2022,640,1509,305,599,259,1061,1367,285,838,606,739,1061,1916,285,819.2857143,819
13/02/2022,558,1608,186,562,170,879,1044,296,557,462,649,844,1477,296,684.8571429,685
14/02/2022,754,2141,301,514,109,1015,743,104,443,386,330,625,1240,104,629.2142857,629
15/02/2022,578,2944,299,444,264,990,1231,222,557,552,654,926,1440,222,808.7857143,809
16/02/2022,567,1696,220,357,102,812,1062,230,419,438,555,828,1562,230,648.4285714,648
17/02/2022,486,1403,169,282,97,604,731,135,405,343,447,746,1087,135,505,505
18/02/2022,363,1462,161,270,125,501,661,129,444,363,386,692,858,129,467.4285714,467
19/02/2022,321,767,160,226,92,537,542,108,339,316,311,542,750,108,365.6428571,366
20/02/2022,224,647,111,179,93,410,456,101,279,230,263,386,841,101,308.6428571,309
21/02/2022,338,1041,157,206,86,496,414,63,222,151,222,333,531,63,308.7857143,309
22/02/2022,282,825,161,188,94,364,655,112,264,247,293,479,615,112,335.0714286,335
23/02/2022,229,553,118,174,60,348,437,90,342,225,252,337,574,90,273.5,274
24/02/2022,206,637,125,158,48,364,399,89,270,198,195,315,543,89,259.7142857,260
25/02/2022,155,552,97,122,63,268,313,77,176,171,186,228,523,77,214.8571429,215
26/02/2022,137,393,85,121,24,215,314,83,128,127,159,235,638,83,195.8571429,196
27/02/2022,113,324,82,89,33,152,241,61,113,96,142,205,356,61,147.7142857,148
28/02/2022,111,436,145,113,20,249,194,28,81,77,120,135,332,28,147.7857143,148
1/3/2022,131,405,104,89,38,194,314,79,115,114,189,232,486,79,183.5,184
2/3/2022,114,354,96,85,45,197,248,61,101,75,121,141,407,61,150.4285714,150
3/3/2022,87,405,82,94,16,165,213,50,102,70,100,126,432,50,142.2857143,142
4/3/2022,90,350,63,60,13,163,209,42,109,87,118,166,366,42,134.1428571,134
5/3/2022,72,204,72,52,22,120,162,37,83,74,97,134,287,37,103.7857143,104
6/3/2022,39,227,69,57,23,110,188,21,69,47,99,119,174,21,90.21428571,90
7/3/2022,72,318,73,58,35,139,128,28,44,53,71,114,148,28,93.5,94
8/3/2022,47,304,67,47,12,128,190,41,67,70,136,150,205,41,107.5,108
9/3/2022,65,260,60,57,12,128,161,21,63,48,82,112,149,21,88.5,89
10/3/2022,57,181,76,46,28,84,187,29,45,51,115,88,179,29,85.35714286,85
11/3/2022,49,217,38,37,21,76,128,37,35,46,82,117,166,37,77.57142857,78
12/3/2022,38,122,48,34,10,86,145,15,41,34,75,82,104,15,60.64285714,61
13/03/2022,32,141,33,37,8,84,88,19,38,32,79,57,131,19,57,57
14/03/2022,53,187,64,62,12,90,83,13,29,33,43,55,111,13,60.57142857,61
15/03/2022,34,200,41,34,9,102,175,23,32,29,76,119,145,23,74.42857143,74
16/03/2022,35,190,30,25,7,62,102,13,34,23,65,74,130,13,57.35714286,57
17/03/2022,16,165,24,39,4,68,141,9,44,35,43,66,112,9,55.35714286,55
18/03/2022,28,152,15,28,6,57,94,18,28,35,49,49,117,18,49.57142857,50
19/03/2022,32,122,24,32,5,39,76,10,22,20,46,34,135,10,43.35714286,43
20/03/2022,18,117,15,15,4,31,51,15,23,25,29,41,75,15,33.85714286,34
21/03/2022,24,146,23,26,6,58,68,6,17,12,13,30,79,6,36.71428571,37
22/03/2022,23,155,23,35,7,48,76,7,27,15,50,38,87,7,42.71428571,43
23/03/2022,17,119,21,33,9,50,71,6,34,19,61,47,81,6,41,41
24/03/2022,18,109,15,22,2,25,69,9,12,18,37,37,57,9,31.35714286,31
25/03/2022,22,138,16,19,4,29,78,8,21,20,43,58,60,8,37.42857143,37
26/03/2022,12,88,16,16,8,27,56,7,11,10,40,29,70,7,28.35714286,28
27/03/2022,15,76,13,10,1,29,55,3,5,8,30,19,56,3,23.07142857,23
28/03/2022,17,104,10,18,0,27,40,2,8,10,20,34,54,2,24.71428571,25
29/03/2022,15,100,15,12,6,27,66,1,8,16,29,28,56,1,27.14285714,27
30/03/2022,11,89,24,21,2,40,58,35,17,3,30,44,62,6,31.57142857,32
31/03/2022,22,95,15,13,2,18,50,39,16,8,23,34,66,9,29.28571429,29
1/4/2022,14,69,23,9,5,30,44,32,15,10,29,34,81,8,28.78571429,29
2/4/2022,11,83,23,7,4,19,43,20,13,7,18,32,48,7,23.92857143,24
3/4/2022,6,60,16,6,1,14,25,20,4,3,19,30,66,3,19.5,20
4/4/2022,8,94,13,15,0,14,35,29,4,7,23,9,47,2,21.42857143,21
5/4/2022,7,80,10,15,0,14,31,30,7,10,30,25,79,1,24.21428571,24
